segment,value,n,wape,mase,bias,interval_coverage
upc,1111009477,876,0.2720057204147301,1.2570772170338331,-0.038231438445953995,0.8858447488584474
upc,1111009497,895,0.33134205376454834,1.2955152311224356,-0.06196999347684279,0.9005586592178771
upc,1111009507,947,0.6918213613128867,1.6347292177795607,0.49556093623890235,0.9039070749736009
upc,1111035398,1169,0.5578142076502732,1.274286947467001,-0.13901639344262295,0.8862275449101796
upc,1111038078,599,0.4846301633045149,1.2524869575683286,-0.16810758885686838,0.8764607679465777
upc,1111038080,542,0.6062263357172907,1.024950439650759,0.1745898190997055,0.9169741697416974
upc,1111085319,1294,0.36439312567132115,1.1658236716441828,-0.15037593984962405,0.8879443585780525
upc,1111085345,1299,0.314892360551887,1.0248970832487332,-0.021178933805765823,0.8991531947652041
upc,1111085350,1029,0.3057872340425532,1.3037239470901232,-0.09852482269503546,0.8367346938775511
upc,1111087395,878,0.6060687073920599,1.233319948522543,0.1342066568640556,0.9043280182232346
upc,1111087396,853,0.5857516339869281,1.1574701750115164,0.12588235294117647,0.9003516998827668
upc,1111087398,875,0.6439965376530233,1.2535187864825335,0.22233213799925808,0.9085714285714286
upc,1600027527,1483,0.3288874962535081,1.5159364852389172,-0.026170949020462658,0.8401888064733648
upc,1600027528,1462,0.3119369704177196,0.9925601869155813,-0.016887171101531144,0.8905608755129959
upc,1600027564,721,0.3035727174305305,1.4161672952643856,-0.15438469866474197,0.8363384188626907
upc,2066200530,572,0.5609498680738786,1.4151249768129341,-0.2654353562005277,0.8741258741258742
upc,2066200531,408,0.5631138595853038,1.3023673281112573,-0.2168061113132048,0.8897058823529411
upc,2066200532,246,0.5859872611464968,1.3546686445440892,-0.35828025477707004,0.8943089430894309
upc,2840002333,798,0.571527537235885,1.1333658583965518,0.25251125736058194,0.9072681704260651
upc,2840004768,1076,0.4952571143285072,1.2881801031154476,0.18372441337993012,0.8866171003717472
upc,2840004770,1029,0.516955098222638,1.1411967411823043,0.23538353601496725,0.902818270165209
upc,3000006340,701,0.7550617283950617,1.2619392996134702,0.5259259259259259,0.8958630527817404
upc,3000006560,872,0.5098823669911029,1.3472915569566857,0.2023646026153938,0.8130733944954128
upc,3000006610,862,0.5068217596641595,1.3300563120985114,0.024750743396886477,0.8213457076566125
upc,3500068914,2,0.0,0.0,0.0,1.0
upc,3700019521,208,0.6741803278688525,0.9323794655113352,0.15778688524590165,0.8846153846153846
upc,3700031613,1054,0.5049435028248588,1.0632906958968913,-0.1504237288135593,0.905123339658444
upc,3700044982,337,0.6788990825688074,1.1784377137494515,0.12420606916019761,0.8427299703264095
upc,3800031829,1178,0.36683239681092056,1.2962010805844557,-0.08128622282368862,0.8794567062818336
upc,3800031838,1218,0.33638869907396496,1.404823901699322,-0.1891656259572563,0.8661740558292282
upc,3800039118,1053,0.4255458625384499,1.2584677429121793,0.003378548736826181,0.9173789173789174
upc,4116709428,449,0.5447298494242693,0.9550046177488982,-0.043401240035429584,0.9086859688195991
upc,4116709448,459,0.5223880597014925,0.901432798670171,-0.11276948590381426,0.9106753812636166
upc,4116709565,485,0.4941360437842064,1.0609068167768674,-0.19859265050820954,0.8845360824742268
upc,7027312504,148,0.3070776255707763,1.0637388729682362,-0.07134703196347032,0.8716216216216216
upc,7027316204,165,0.3667086481947943,1.1665833162379025,0.0006297229219143577,0.9030303030303031
upc,7027316404,161,0.31745694237720606,1.1643428284571544,-0.031681905166914735,0.906832298136646
upc,7110410455,564,0.4937528921795465,1.5290330185476655,-0.2586765386395187,0.8617021276595744
upc,7110410470,517,0.4614624505928854,1.3393347258147015,-0.1225296442687747,0.8684719535783365
upc,7110410471,502,0.5295256534365924,1.624763630002871,-0.2539528880283963,0.8625498007968128
upc,7192100336,536,0.5295035092279698,1.255563018992474,-0.15726540161164543,0.8507462686567164
upc,7192100337,569,0.4726950354609929,1.2423792597366083,-0.16276595744680852,0.8611599297012302
upc,7192100339,568,0.4058314566789143,1.2319859031309992,-0.20528623918454428,0.8433098591549296
upc,7218063052,649,0.7503486750348675,0.9192410525136361,0.36634123663412366,0.9291217257318952
upc,7218063979,572,0.864406779661017,1.0451077037010454,0.3723346090759978,0.9020979020979021
upc,7218063983,534,0.811586051743532,1.0391236007594,0.4043869516310461,0.8932584269662921
upc,7797502248,912,0.5180847909872517,0.9788984810075942,0.20649273643640675,0.9133771929824561
upc,7797508004,380,0.4118086696562033,1.0859363554667885,0.05107125062282013,0.9157894736842105
upc,7797508006,427,0.4268292682926829,1.216539035157788,-0.0448780487804878,0.882903981264637
upc,31254742725,769,0.5387596899224806,1.1763769657153442,-0.12156448202959831,0.8985695708712613
upc,31254742735,932,0.5320172528201725,1.5211833641330703,-0.3813868613138686,0.8175965665236051
upc,31254742835,826,0.5387054161162483,1.2402248865269418,-0.13500660501981507,0.8680387409200968
upc,88491201426,1386,0.4425387902601314,1.3214032848583708,0.07359394269653254,0.8484848484848485
upc,88491201427,1308,0.4071777113174878,1.329354095547813,-0.03695891704706438,0.8746177370030581
upc,88491212971,1162,0.42168674698795183,1.033577071735072,0.1383580834967778,0.9165232358003442
store_id,367,441,0.5049786628733998,1.1030096017244655,0.0631985368827474,0.8956916099773242
store_id,387,605,0.3526521982463777,1.2800728838608686,-0.09918537404390275,0.8512396694214877
store_id,389,624,0.4416780133566751,1.5277652596064104,0.15651948388770018,0.8605769230769231
store_id,613,590,0.3711852377572747,1.2680080033719974,0.05262090641792558,0.8847457627118644
store_id,623,572,0.3806593916879498,1.268323892660914,-0.09693522173206408,0.8741258741258742
store_id,2277,645,0.3448697927657958,1.4647930848877984,-0.036677499683450805,0.862015503875969
store_id,2279,523,0.4158562938951918,1.244821773772084,-0.06388438681793625,0.8891013384321224
store_id,2281,699,0.3534781387510533,1.4887538702680934,-0.1112723527759573,0.8626609442060086
store_id,2495,559,0.40613596431950266,1.1585993603657083,0.0006757669955399379,0.8783542039355993
store_id,2505,501,0.4163849671902963,1.099132686640832,-0.06442632730165043,0.9021956087824351
store_id,2513,616,0.3853958893417743,1.1847679220133218,0.06608273350099732,0.9431818181818182
store_id,2523,398,0.47273793238225525,1.0927452105794808,0.009575923392612859,0.8668341708542714
store_id,2541,448,0.49678501537601344,1.085903982137786,0.021526418786692758,0.8883928571428571
store_id,4245,577,0.4134310797357227,1.3167245896990858,-0.06335414969680514,0.8873483535528596
store_id,4259,500,0.46396683673469385,1.2086065062799083,-0.07089710884353742,0.862
store_id,4489,579,0.41350839198700595,1.19989994559535,0.06077422847861397,0.8963730569948186
store_id,4503,607,0.38828389034923017,1.1805447661350175,0.06947052196770559,0.9110378912685337
store_id,4521,479,0.5713147410358566,1.016441788268114,0.20637450199203186,0.9039665970772442
store_id,6179,569,0.4014952908049325,1.2793174863498182,-0.10554422759491212,0.859402460456942
store_id,6187,561,0.4121043864519711,1.2886297125067958,-0.023209328151027206,0.8698752228163993
store_id,6379,625,0.3519583675705286,1.2088347668320898,-0.014516570802519857,0.8752
store_id,6431,467,0.42618964918374436,1.1752897119178625,0.018409169850642584,0.8843683083511777
store_id,8035,296,0.5487234807623157,1.2214459138651315,-0.035239122617763394,0.8344594594594594
store_id,8041,652,0.4071264367816092,1.3211748794083749,-0.006666666666666667,0.8788343558282209
store_id,8263,566,0.42228016804287993,1.1678410157679124,0.08967115746776763,0.8798586572438163
store_id,9825,640,0.3670126718792127,1.332500986967914,-0.06356160690212996,0.8625
store_id,10019,428,0.4297703879651623,1.1684257449415856,-0.0278701504354711,0.8551401869158879
store_id,11757,541,0.41497128394821375,1.2997915759669465,0.05168889321522437,0.8613678373382625
store_id,11761,616,0.3822015606840445,1.3244766804393475,-0.05429188112236427,0.8782467532467533
store_id,11967,405,0.4219047619047619,1.153159133694848,-0.1041904761904762,0.9160493827160494
store_id,11993,599,0.4353849014503533,1.2601486960035888,0.21950539233915953,0.8597662771285476
store_id,12011,470,0.3765225334957369,0.9990425896015535,-0.020249695493300853,0.902127659574468
store_id,13609,602,0.38745880466731986,1.196704712371487,-0.05005789614322615,0.8820598006644518
store_id,13827,525,0.5247231321166744,1.1151364088314109,0.0605209795663703,0.8838095238095238
store_id,13837,488,0.3926231842779835,1.1889107681906832,-0.025491313016234692,0.8954918032786885
store_id,13853,455,0.405862851160356,1.186718338329318,0.039783632873844,0.865934065934066
store_id,13859,579,0.44080036106514214,1.1069101008440112,0.02407100947795998,0.8721934369602763
store_id,15531,491,0.4561965811965812,1.238292555658774,-0.13283475783475784,0.8818737270875764
store_id,15541,542,0.4267401997317037,1.1398072842447677,-0.007601729020718438,0.9132841328413284
store_id,15547,596,0.4144123919631833,1.20574965661684,0.014591985632506453,0.9010067114093959
store_id,15755,408,0.44095427435387674,1.3086864378240433,-0.07912524850894632,0.8823529411764706
store_id,15763,512,0.4068554396423249,1.0043013444124955,-0.006599957419629551,0.908203125
store_id,15765,524,0.38431142982584515,1.1541250280084525,-0.031318600907361334,0.898854961832061
store_id,17599,428,0.46774496896746287,1.1336949120829203,0.06375775813428625,0.8808411214953271
store_id,17615,521,0.4069052498817594,1.12532708011258,-0.042408954753271326,0.8771593090211133
store_id,17627,541,0.4715593784683685,1.1706466115417,0.1263873473917869,0.8872458410351202
store_id,19265,543,0.431721268850754,1.372166719237595,0.07852314092563703,0.8931860036832413
store_id,19521,562,0.44048366834170855,1.2070204366418624,-0.01617462311557789,0.8932384341637011
store_id,19523,477,0.4099698643897539,1.125477922920673,0.00891511803114013,0.8763102725366876
store_id,19533,585,0.40376106194690264,1.2156206538373926,0.0745575221238938,0.8700854700854701
store_id,21213,578,0.46703210649960847,1.1564092475385503,-0.028191072826938137,0.8788927335640139
store_id,21221,474,0.3906515210863037,1.0442907395129304,-0.08773991382687035,0.8881856540084389
store_id,21227,613,0.35831702544031313,1.4193995801309494,-0.07782126549249838,0.8646003262642741
store_id,21237,631,0.38806528900868525,1.3124584126556829,-0.11358191075172207,0.8700475435816165
store_id,21479,466,0.44252044252044254,1.2638636504306313,0.1164021164021164,0.907725321888412
store_id,21485,436,0.4160887656033287,1.2197351331725772,-0.12958192985932238,0.8646788990825688
store_id,23055,364,0.5065290009110234,1.0455937471168042,-0.09778317643486183,0.8763736263736264
store_id,23061,612,0.37370657797487067,1.231159879879738,-0.009700665188470067,0.8970588235294118
store_id,23067,550,0.4011761331038439,1.0615007579535753,-0.040304073436603555,0.9218181818181819
store_id,23075,544,0.38155551157728085,1.3666002383123652,-0.07856718780922224,0.8455882352941176
store_id,23327,507,0.3924380704041721,1.1443020353401225,-0.07333767926988266,0.903353057199211
store_id,23345,591,0.42324185248713553,1.0673543200639537,0.06789594053744998,0.9001692047377327
store_id,23349,484,0.42227642276422767,1.0800980767252701,0.02,0.8925619834710744
store_id,24991,687,0.340476613907167,1.3979629808219258,-0.0963009069891517,0.8500727802037845
store_id,25001,562,0.4289285308487672,1.0734117996156667,0.004431314623338257,0.8772241992882562
store_id,25021,527,0.4367771406356303,1.2874980758460464,-0.04917873457090096,0.8652751423149905
store_id,25027,682,0.3390479228131728,1.3628584652319486,-0.07423650426600749,0.8621700879765396
store_id,25229,586,0.3572857485796591,1.3547822692386127,-0.012082899895975035,0.8771331058020477
store_id,25233,486,0.36196021348859775,1.156416380643819,0.010674429888403688,0.8827160493827161
store_id,25253,408,0.41942990110529377,1.1303479222729227,-0.013767694395966647,0.8774509803921569
store_id,25261,551,0.3847851335656214,1.240848018368809,0.057259001161440184,0.8784029038112523
store_id,26973,582,0.42232630757220924,1.265319593660939,-0.07884465261514442,0.8762886597938144
store_id,26981,530,0.41127113337507826,1.1682413854860354,0.02179085785848466,0.8962264150943396
store_id,26983,526,0.3714044785908367,0.9401965325211457,-0.02080014991099035,0.8973384030418251
store_id,27175,600,0.4282897331405285,1.2224968321646117,-0.0021033258840541607,0.8766666666666667
store_id,28909,613,0.382598431835427,1.2564306883605787,-0.12005733074782902,0.8776508972267537
store_id,29159,549,0.39452768729641696,1.245258358354665,-0.04091205211726384,0.8542805100182149
